[{"model": "admin.logentry", "pk": 37, "fields": {"action_time": "2024-06-09T11:49:38.371Z", "user": 14, "content_type": 8, "object_id": "1", "object_repr": "sahil Profile", "action_flag": 2, "change_message": "[{\"changed\": {\"fields\": [\"Is seller\"]}}]"}}, {"model": "admin.logentry", "pk": 38, "fields": {"action_time": "2024-06-09T12:02:56.775Z", "user": 14, "content_type": 8, "object_id": "1", "object_repr": "sahil Profile", "action_flag": 2, "change_message": "[{\"changed\": {\"fields\": [\"Image\"]}}]"}}, {"model": "admin.logentry", "pk": 39, "fields": {"action_time": "2024-06-09T12:51:21.933Z", "user": 14, "content_type": 8, "object_id": "1", "object_repr": "sahil Profile", "action_flag": 2, "change_message": "[{\"changed\": {\"fields\": [\"Cash\"]}}]"}}, {"model": "admin.logentry", "pk": 40, "fields": {"action_time": "2024-06-09T13:27:30.153Z", "user": 14, "content_type": 4, "object_id": "16", "object_repr": "ThiboCat", "action_flag": 3, "change_message": ""}}, {"model": "admin.logentry", "pk": 41, "fields": {"action_time": "2024-06-09T13:30:58.588Z", "user": 14, "content_type": 4, "object_id": "17", "object_repr": "thibocat", "action_flag": 3, "change_message": ""}}, {"model": "admin.logentry", "pk": 42, "fields": {"action_time": "2024-06-09T13:32:27.446Z", "user": 14, "content_type": 8, "object_id": "3", "object_repr": "thibocat Profile", "action_flag": 2, "change_message": "[{\"changed\": {\"fields\": [\"Image\"]}}]"}}, {"model": "admin.logentry", "pk": 43, "fields": {"action_time": "2024-06-09T13:33:06.067Z", "user": 14, "content_type": 8, "object_id": "3", "object_repr": "thibocat Profile", "action_flag": 2, "change_message": "[{\"changed\": {\"fields\": [\"Is seller\"]}}]"}}, {"model": "admin.logentry", "pk": 44, "fields": {"action_time": "2024-06-09T22:50:18.514Z", "user": 14, "content_type": 13, "object_id": "112", "object_repr": "CartItems object (112)", "action_flag": 3, "change_message": ""}}, {"model": "admin.logentry", "pk": 45, "fields": {"action_time": "2024-06-09T22:50:18.517Z", "user": 14, "content_type": 13, "object_id": "111", "object_repr": "CartItems object (111)", "action_flag": 3, "change_message": ""}}, {"model": "admin.logentry", "pk": 46, "fields": {"action_time": "2024-06-09T22:50:18.519Z", "user": 14, "content_type": 13, "object_id": "110", "object_repr": "CartItems object (110)", "action_flag": 3, "change_message": ""}}, {"model": "admin.logentry", "pk": 47, "fields": {"action_time": "2024-06-09T22:50:18.521Z", "user": 14, "content_type": 13, "object_id": "109", "object_repr": "CartItems object (109)", "action_flag": 3, "change_message": ""}}, {"model": "admin.logentry", "pk": 48, "fields": {"action_time": "2024-06-09T22:50:18.522Z", "user": 14, "content_type": 13, "object_id": "108", "object_repr": "CartItems object (108)", "action_flag": 3, "change_message": ""}}, {"model": "admin.logentry", "pk": 49, "fields": {"action_time": "2024-06-09T22:50:18.524Z", "user": 14, "content_type": 13, "object_id": "107", "object_repr": "CartItems object (107)", "action_flag": 3, "change_message": ""}}, {"model": "admin.logentry", "pk": 50, "fields": {"action_time": "2024-06-09T22:50:18.525Z", "user": 14, "content_type": 13, "object_id": "106", "object_repr": "CartItems object (106)", "action_flag": 3, "change_message": ""}}, {"model": "admin.logentry", "pk": 51, "fields": {"action_time": "2024-06-09T22:50:18.526Z", "user": 14, "content_type": 13, "object_id": "105", "object_repr": "CartItems object (105)", "action_flag": 3, "change_message": ""}}, {"model": "admin.logentry", "pk": 52, "fields": {"action_time": "2024-06-09T22:50:18.527Z", "user": 14, "content_type": 13, "object_id": "104", "object_repr": "CartItems object (104)", "action_flag": 3, "change_message": ""}}, {"model": "admin.logentry", "pk": 53, "fields": {"action_time": "2024-06-09T22:50:18.528Z", "user": 14, "content_type": 13, "object_id": "103", "object_repr": "CartItems object (103)", "action_flag": 3, "change_message": ""}}, {"model": "admin.logentry", "pk": 54, "fields": {"action_time": "2024-06-09T22:50:18.529Z", "user": 14, "content_type": 13, "object_id": "102", "object_repr": "CartItems object (102)", "action_flag": 3, "change_message": ""}}, {"model": "admin.logentry", "pk": 55, "fields": {"action_time": "2024-06-09T22:50:18.530Z", "user": 14, "content_type": 13, "object_id": "101", "object_repr": "CartItems object (101)", "action_flag": 3, "change_message": ""}}, {"model": "admin.logentry", "pk": 56, "fields": {"action_time": "2024-06-09T22:50:18.531Z", "user": 14, "content_type": 13, "object_id": "100", "object_repr": "CartItems object (100)", "action_flag": 3, "change_message": ""}}, {"model": "admin.logentry", "pk": 57, "fields": {"action_time": "2024-06-09T22:50:18.532Z", "user": 14, "content_type": 13, "object_id": "99", "object_repr": "CartItems object (99)", "action_flag": 3, "change_message": ""}}, {"model": "admin.logentry", "pk": 58, "fields": {"action_time": "2024-06-09T22:50:18.532Z", "user": 14, "content_type": 13, "object_id": "98", "object_repr": "CartItems object (98)", "action_flag": 3, "change_message": ""}}, {"model": "admin.logentry", "pk": 59, "fields": {"action_time": "2024-06-09T22:50:18.533Z", "user": 14, "content_type": 13, "object_id": "97", "object_repr": "CartItems object (97)", "action_flag": 3, "change_message": ""}}, {"model": "admin.logentry", "pk": 60, "fields": {"action_time": "2024-06-09T22:50:18.534Z", "user": 14, "content_type": 13, "object_id": "96", "object_repr": "CartItems object (96)", "action_flag": 3, "change_message": ""}}, {"model": "admin.logentry", "pk": 61, "fields": {"action_time": "2024-06-09T22:50:18.535Z", "user": 14, "content_type": 13, "object_id": "95", "object_repr": "CartItems object (95)", "action_flag": 3, "change_message": ""}}, {"model": "admin.logentry", "pk": 62, "fields": {"action_time": "2024-06-09T22:50:18.535Z", "user": 14, "content_type": 13, "object_id": "94", "object_repr": "CartItems object (94)", "action_flag": 3, "change_message": ""}}, {"model": "admin.logentry", "pk": 63, "fields": {"action_time": "2024-06-09T22:50:18.536Z", "user": 14, "content_type": 13, "object_id": "93", "object_repr": "CartItems object (93)", "action_flag": 3, "change_message": ""}}, {"model": "admin.logentry", "pk": 64, "fields": {"action_time": "2024-06-09T22:50:18.537Z", "user": 14, "content_type": 13, "object_id": "92", "object_repr": "CartItems object (92)", "action_flag": 3, "change_message": ""}}, {"model": "admin.logentry", "pk": 65, "fields": {"action_time": "2024-06-09T22:50:18.537Z", "user": 14, "content_type": 13, "object_id": "91", "object_repr": "CartItems object (91)", "action_flag": 3, "change_message": ""}}, {"model": "admin.logentry", "pk": 66, "fields": {"action_time": "2024-06-09T22:50:18.538Z", "user": 14, "content_type": 13, "object_id": "90", "object_repr": "CartItems object (90)", "action_flag": 3, "change_message": ""}}, {"model": "admin.logentry", "pk": 67, "fields": {"action_time": "2024-06-09T22:50:18.539Z", "user": 14, "content_type": 13, "object_id": "89", "object_repr": "CartItems object (89)", "action_flag": 3, "change_message": ""}}, {"model": "admin.logentry", "pk": 68, "fields": {"action_time": "2024-06-09T22:50:18.540Z", "user": 14, "content_type": 13, "object_id": "88", "object_repr": "CartItems object (88)", "action_flag": 3, "change_message": ""}}, {"model": "admin.logentry", "pk": 69, "fields": {"action_time": "2024-06-09T22:50:18.540Z", "user": 14, "content_type": 13, "object_id": "87", "object_repr": "CartItems object (87)", "action_flag": 3, "change_message": ""}}, {"model": "admin.logentry", "pk": 70, "fields": {"action_time": "2024-06-09T22:50:18.541Z", "user": 14, "content_type": 13, "object_id": "86", "object_repr": "CartItems object (86)", "action_flag": 3, "change_message": ""}}, {"model": "admin.logentry", "pk": 71, "fields": {"action_time": "2024-06-09T22:50:18.541Z", "user": 14, "content_type": 13, "object_id": "85", "object_repr": "CartItems object (85)", "action_flag": 3, "change_message": ""}}, {"model": "admin.logentry", "pk": 72, "fields": {"action_time": "2024-06-09T22:50:18.542Z", "user": 14, "content_type": 13, "object_id": "84", "object_repr": "CartItems object (84)", "action_flag": 3, "change_message": ""}}, {"model": "admin.logentry", "pk": 73, "fields": {"action_time": "2024-06-09T22:50:18.542Z", "user": 14, "content_type": 13, "object_id": "83", "object_repr": "CartItems object (83)", "action_flag": 3, "change_message": ""}}, {"model": "admin.logentry", "pk": 74, "fields": {"action_time": "2024-06-09T22:50:18.543Z", "user": 14, "content_type": 13, "object_id": "82", "object_repr": "CartItems object (82)", "action_flag": 3, "change_message": ""}}, {"model": "admin.logentry", "pk": 75, "fields": {"action_time": "2024-06-09T22:50:18.544Z", "user": 14, "content_type": 13, "object_id": "81", "object_repr": "CartItems object (81)", "action_flag": 3, "change_message": ""}}, {"model": "admin.logentry", "pk": 76, "fields": {"action_time": "2024-06-09T22:50:18.544Z", "user": 14, "content_type": 13, "object_id": "80", "object_repr": "CartItems object (80)", "action_flag": 3, "change_message": ""}}, {"model": "admin.logentry", "pk": 77, "fields": {"action_time": "2024-06-09T22:50:18.545Z", "user": 14, "content_type": 13, "object_id": "79", "object_repr": "CartItems object (79)", "action_flag": 3, "change_message": ""}}, {"model": "admin.logentry", "pk": 78, "fields": {"action_time": "2024-06-09T22:50:18.545Z", "user": 14, "content_type": 13, "object_id": "78", "object_repr": "CartItems object (78)", "action_flag": 3, "change_message": ""}}, {"model": "admin.logentry", "pk": 79, "fields": {"action_time": "2024-06-09T22:50:18.546Z", "user": 14, "content_type": 13, "object_id": "77", "object_repr": "CartItems object (77)", "action_flag": 3, "change_message": ""}}, {"model": "admin.logentry", "pk": 80, "fields": {"action_time": "2024-06-09T22:50:18.547Z", "user": 14, "content_type": 13, "object_id": "76", "object_repr": "CartItems object (76)", "action_flag": 3, "change_message": ""}}, {"model": "admin.logentry", "pk": 81, "fields": {"action_time": "2024-06-09T22:50:18.547Z", "user": 14, "content_type": 13, "object_id": "75", "object_repr": "CartItems object (75)", "action_flag": 3, "change_message": ""}}, {"model": "admin.logentry", "pk": 82, "fields": {"action_time": "2024-06-09T22:50:18.548Z", "user": 14, "content_type": 13, "object_id": "74", "object_repr": "CartItems object (74)", "action_flag": 3, "change_message": ""}}, {"model": "admin.logentry", "pk": 83, "fields": {"action_time": "2024-06-09T22:50:18.548Z", "user": 14, "content_type": 13, "object_id": "73", "object_repr": "CartItems object (73)", "action_flag": 3, "change_message": ""}}, {"model": "admin.logentry", "pk": 84, "fields": {"action_time": "2024-06-09T22:50:18.549Z", "user": 14, "content_type": 13, "object_id": "72", "object_repr": "CartItems object (72)", "action_flag": 3, "change_message": ""}}, {"model": "admin.logentry", "pk": 85, "fields": {"action_time": "2024-06-09T22:50:18.549Z", "user": 14, "content_type": 13, "object_id": "71", "object_repr": "CartItems object (71)", "action_flag": 3, "change_message": ""}}, {"model": "admin.logentry", "pk": 86, "fields": {"action_time": "2024-06-09T22:50:18.550Z", "user": 14, "content_type": 13, "object_id": "70", "object_repr": "CartItems object (70)", "action_flag": 3, "change_message": ""}}, {"model": "admin.logentry", "pk": 87, "fields": {"action_time": "2024-06-09T22:50:18.550Z", "user": 14, "content_type": 13, "object_id": "69", "object_repr": "CartItems object (69)", "action_flag": 3, "change_message": ""}}, {"model": "admin.logentry", "pk": 88, "fields": {"action_time": "2024-06-09T22:50:18.551Z", "user": 14, "content_type": 13, "object_id": "68", "object_repr": "CartItems object (68)", "action_flag": 3, "change_message": ""}}, {"model": "admin.logentry", "pk": 89, "fields": {"action_time": "2024-06-09T22:50:18.552Z", "user": 14, "content_type": 13, "object_id": "67", "object_repr": "CartItems object (67)", "action_flag": 3, "change_message": ""}}, {"model": "admin.logentry", "pk": 90, "fields": {"action_time": "2024-06-09T22:50:18.552Z", "user": 14, "content_type": 13, "object_id": "66", "object_repr": "CartItems object (66)", "action_flag": 3, "change_message": ""}}, {"model": "admin.logentry", "pk": 91, "fields": {"action_time": "2024-06-09T22:50:18.553Z", "user": 14, "content_type": 13, "object_id": "65", "object_repr": "CartItems object (65)", "action_flag": 3, "change_message": ""}}, {"model": "admin.logentry", "pk": 92, "fields": {"action_time": "2024-06-09T22:50:18.553Z", "user": 14, "content_type": 13, "object_id": "64", "object_repr": "CartItems object (64)", "action_flag": 3, "change_message": ""}}, {"model": "admin.logentry", "pk": 93, "fields": {"action_time": "2024-06-09T22:50:18.554Z", "user": 14, "content_type": 13, "object_id": "63", "object_repr": "CartItems object (63)", "action_flag": 3, "change_message": ""}}, {"model": "admin.logentry", "pk": 94, "fields": {"action_time": "2024-06-09T22:50:18.554Z", "user": 14, "content_type": 13, "object_id": "62", "object_repr": "CartItems object (62)", "action_flag": 3, "change_message": ""}}, {"model": "admin.logentry", "pk": 95, "fields": {"action_time": "2024-06-09T22:50:18.555Z", "user": 14, "content_type": 13, "object_id": "61", "object_repr": "CartItems object (61)", "action_flag": 3, "change_message": ""}}, {"model": "admin.logentry", "pk": 96, "fields": {"action_time": "2024-06-09T22:50:18.556Z", "user": 14, "content_type": 13, "object_id": "60", "object_repr": "CartItems object (60)", "action_flag": 3, "change_message": ""}}, {"model": "admin.logentry", "pk": 97, "fields": {"action_time": "2024-06-09T22:50:18.557Z", "user": 14, "content_type": 13, "object_id": "59", "object_repr": "CartItems object (59)", "action_flag": 3, "change_message": ""}}, {"model": "admin.logentry", "pk": 98, "fields": {"action_time": "2024-06-09T22:50:18.557Z", "user": 14, "content_type": 13, "object_id": "58", "object_repr": "CartItems object (58)", "action_flag": 3, "change_message": ""}}, {"model": "admin.logentry", "pk": 99, "fields": {"action_time": "2024-06-09T22:50:18.558Z", "user": 14, "content_type": 13, "object_id": "57", "object_repr": "CartItems object (57)", "action_flag": 3, "change_message": ""}}, {"model": "admin.logentry", "pk": 100, "fields": {"action_time": "2024-06-09T22:50:18.558Z", "user": 14, "content_type": 13, "object_id": "56", "object_repr": "CartItems object (56)", "action_flag": 3, "change_message": ""}}, {"model": "admin.logentry", "pk": 101, "fields": {"action_time": "2024-06-09T22:50:18.559Z", "user": 14, "content_type": 13, "object_id": "55", "object_repr": "CartItems object (55)", "action_flag": 3, "change_message": ""}}, {"model": "admin.logentry", "pk": 102, "fields": {"action_time": "2024-06-09T22:50:18.559Z", "user": 14, "content_type": 13, "object_id": "54", "object_repr": "CartItems object (54)", "action_flag": 3, "change_message": ""}}, {"model": "admin.logentry", "pk": 103, "fields": {"action_time": "2024-06-09T22:50:18.560Z", "user": 14, "content_type": 13, "object_id": "53", "object_repr": "CartItems object (53)", "action_flag": 3, "change_message": ""}}, {"model": "admin.logentry", "pk": 104, "fields": {"action_time": "2024-06-09T22:50:18.560Z", "user": 14, "content_type": 13, "object_id": "52", "object_repr": "CartItems object (52)", "action_flag": 3, "change_message": ""}}, {"model": "admin.logentry", "pk": 105, "fields": {"action_time": "2024-06-09T22:50:18.561Z", "user": 14, "content_type": 13, "object_id": "51", "object_repr": "CartItems object (51)", "action_flag": 3, "change_message": ""}}, {"model": "admin.logentry", "pk": 106, "fields": {"action_time": "2024-06-09T22:50:18.562Z", "user": 14, "content_type": 13, "object_id": "50", "object_repr": "CartItems object (50)", "action_flag": 3, "change_message": ""}}, {"model": "admin.logentry", "pk": 107, "fields": {"action_time": "2024-06-09T22:50:18.562Z", "user": 14, "content_type": 13, "object_id": "49", "object_repr": "CartItems object (49)", "action_flag": 3, "change_message": ""}}, {"model": "admin.logentry", "pk": 108, "fields": {"action_time": "2024-06-09T22:50:18.563Z", "user": 14, "content_type": 13, "object_id": "48", "object_repr": "CartItems object (48)", "action_flag": 3, "change_message": ""}}, {"model": "admin.logentry", "pk": 109, "fields": {"action_time": "2024-06-09T22:50:18.563Z", "user": 14, "content_type": 13, "object_id": "47", "object_repr": "CartItems object (47)", "action_flag": 3, "change_message": ""}}, {"model": "admin.logentry", "pk": 110, "fields": {"action_time": "2024-06-09T22:50:18.564Z", "user": 14, "content_type": 13, "object_id": "46", "object_repr": "CartItems object (46)", "action_flag": 3, "change_message": ""}}, {"model": "admin.logentry", "pk": 111, "fields": {"action_time": "2024-06-09T22:50:18.564Z", "user": 14, "content_type": 13, "object_id": "45", "object_repr": "CartItems object (45)", "action_flag": 3, "change_message": ""}}, {"model": "admin.logentry", "pk": 112, "fields": {"action_time": "2024-06-09T22:50:18.565Z", "user": 14, "content_type": 13, "object_id": "44", "object_repr": "CartItems object (44)", "action_flag": 3, "change_message": ""}}, {"model": "admin.logentry", "pk": 113, "fields": {"action_time": "2024-06-09T22:50:18.565Z", "user": 14, "content_type": 13, "object_id": "43", "object_repr": "CartItems object (43)", "action_flag": 3, "change_message": ""}}, {"model": "admin.logentry", "pk": 114, "fields": {"action_time": "2024-06-09T22:50:18.566Z", "user": 14, "content_type": 13, "object_id": "42", "object_repr": "CartItems object (42)", "action_flag": 3, "change_message": ""}}, {"model": "admin.logentry", "pk": 115, "fields": {"action_time": "2024-06-09T22:50:18.566Z", "user": 14, "content_type": 13, "object_id": "41", "object_repr": "CartItems object (41)", "action_flag": 3, "change_message": ""}}, {"model": "admin.logentry", "pk": 116, "fields": {"action_time": "2024-06-09T22:50:18.567Z", "user": 14, "content_type": 13, "object_id": "40", "object_repr": "CartItems object (40)", "action_flag": 3, "change_message": ""}}, {"model": "admin.logentry", "pk": 117, "fields": {"action_time": "2024-06-09T22:50:18.567Z", "user": 14, "content_type": 13, "object_id": "39", "object_repr": "CartItems object (39)", "action_flag": 3, "change_message": ""}}, {"model": "admin.logentry", "pk": 118, "fields": {"action_time": "2024-06-09T22:50:18.568Z", "user": 14, "content_type": 13, "object_id": "38", "object_repr": "CartItems object (38)", "action_flag": 3, "change_message": ""}}, {"model": "admin.logentry", "pk": 119, "fields": {"action_time": "2024-06-09T22:50:18.568Z", "user": 14, "content_type": 13, "object_id": "37", "object_repr": "CartItems object (37)", "action_flag": 3, "change_message": ""}}, {"model": "admin.logentry", "pk": 120, "fields": {"action_time": "2024-06-09T22:50:18.569Z", "user": 14, "content_type": 13, "object_id": "36", "object_repr": "CartItems object (36)", "action_flag": 3, "change_message": ""}}, {"model": "admin.logentry", "pk": 121, "fields": {"action_time": "2024-06-09T22:50:18.569Z", "user": 14, "content_type": 13, "object_id": "35", "object_repr": "CartItems object (35)", "action_flag": 3, "change_message": ""}}, {"model": "admin.logentry", "pk": 122, "fields": {"action_time": "2024-06-09T22:50:18.570Z", "user": 14, "content_type": 13, "object_id": "34", "object_repr": "CartItems object (34)", "action_flag": 3, "change_message": ""}}, {"model": "admin.logentry", "pk": 123, "fields": {"action_time": "2024-06-09T22:50:18.570Z", "user": 14, "content_type": 13, "object_id": "33", "object_repr": "CartItems object (33)", "action_flag": 3, "change_message": ""}}, {"model": "admin.logentry", "pk": 124, "fields": {"action_time": "2024-06-09T22:50:18.571Z", "user": 14, "content_type": 13, "object_id": "32", "object_repr": "CartItems object (32)", "action_flag": 3, "change_message": ""}}, {"model": "admin.logentry", "pk": 125, "fields": {"action_time": "2024-06-09T22:50:18.572Z", "user": 14, "content_type": 13, "object_id": "31", "object_repr": "CartItems object (31)", "action_flag": 3, "change_message": ""}}, {"model": "admin.logentry", "pk": 126, "fields": {"action_time": "2024-06-09T22:50:18.572Z", "user": 14, "content_type": 13, "object_id": "30", "object_repr": "CartItems object (30)", "action_flag": 3, "change_message": ""}}, {"model": "admin.logentry", "pk": 127, "fields": {"action_time": "2024-06-09T22:50:18.573Z", "user": 14, "content_type": 13, "object_id": "29", "object_repr": "CartItems object (29)", "action_flag": 3, "change_message": ""}}, {"model": "admin.logentry", "pk": 128, "fields": {"action_time": "2024-06-09T22:50:18.573Z", "user": 14, "content_type": 13, "object_id": "28", "object_repr": "CartItems object (28)", "action_flag": 3, "change_message": ""}}, {"model": "admin.logentry", "pk": 129, "fields": {"action_time": "2024-06-09T22:50:18.574Z", "user": 14, "content_type": 13, "object_id": "27", "object_repr": "CartItems object (27)", "action_flag": 3, "change_message": ""}}, {"model": "admin.logentry", "pk": 130, "fields": {"action_time": "2024-06-09T22:50:18.574Z", "user": 14, "content_type": 13, "object_id": "26", "object_repr": "CartItems object (26)", "action_flag": 3, "change_message": ""}}, {"model": "admin.logentry", "pk": 131, "fields": {"action_time": "2024-06-09T22:50:18.575Z", "user": 14, "content_type": 13, "object_id": "25", "object_repr": "CartItems object (25)", "action_flag": 3, "change_message": ""}}, {"model": "admin.logentry", "pk": 132, "fields": {"action_time": "2024-06-09T22:50:18.575Z", "user": 14, "content_type": 13, "object_id": "24", "object_repr": "CartItems object (24)", "action_flag": 3, "change_message": ""}}, {"model": "admin.logentry", "pk": 133, "fields": {"action_time": "2024-06-09T22:50:18.576Z", "user": 14, "content_type": 13, "object_id": "23", "object_repr": "CartItems object (23)", "action_flag": 3, "change_message": ""}}, {"model": "admin.logentry", "pk": 134, "fields": {"action_time": "2024-06-09T22:50:18.577Z", "user": 14, "content_type": 13, "object_id": "22", "object_repr": "CartItems object (22)", "action_flag": 3, "change_message": ""}}, {"model": "admin.logentry", "pk": 135, "fields": {"action_time": "2024-06-09T22:50:18.577Z", "user": 14, "content_type": 13, "object_id": "21", "object_repr": "CartItems object (21)", "action_flag": 3, "change_message": ""}}, {"model": "admin.logentry", "pk": 136, "fields": {"action_time": "2024-06-09T22:50:18.578Z", "user": 14, "content_type": 13, "object_id": "20", "object_repr": "CartItems object (20)", "action_flag": 3, "change_message": ""}}, {"model": "admin.logentry", "pk": 137, "fields": {"action_time": "2024-06-09T22:50:18.579Z", "user": 14, "content_type": 13, "object_id": "19", "object_repr": "CartItems object (19)", "action_flag": 3, "change_message": ""}}, {"model": "admin.logentry", "pk": 138, "fields": {"action_time": "2024-06-09T22:50:18.579Z", "user": 14, "content_type": 13, "object_id": "18", "object_repr": "CartItems object (18)", "action_flag": 3, "change_message": ""}}, {"model": "admin.logentry", "pk": 139, "fields": {"action_time": "2024-06-09T22:50:18.580Z", "user": 14, "content_type": 13, "object_id": "17", "object_repr": "CartItems object (17)", "action_flag": 3, "change_message": ""}}, {"model": "admin.logentry", "pk": 140, "fields": {"action_time": "2024-06-09T22:50:18.581Z", "user": 14, "content_type": 13, "object_id": "16", "object_repr": "CartItems object (16)", "action_flag": 3, "change_message": ""}}, {"model": "admin.logentry", "pk": 141, "fields": {"action_time": "2024-06-09T22:50:18.581Z", "user": 14, "content_type": 13, "object_id": "15", "object_repr": "CartItems object (15)", "action_flag": 3, "change_message": ""}}, {"model": "admin.logentry", "pk": 142, "fields": {"action_time": "2024-06-09T22:50:18.582Z", "user": 14, "content_type": 13, "object_id": "14", "object_repr": "CartItems object (14)", "action_flag": 3, "change_message": ""}}, {"model": "admin.logentry", "pk": 143, "fields": {"action_time": "2024-06-09T22:50:18.582Z", "user": 14, "content_type": 13, "object_id": "13", "object_repr": "CartItems object (13)", "action_flag": 3, "change_message": ""}}, {"model": "admin.logentry", "pk": 144, "fields": {"action_time": "2024-06-09T22:50:26.752Z", "user": 14, "content_type": 13, "object_id": "12", "object_repr": "CartItems object (12)", "action_flag": 3, "change_message": ""}}, {"model": "admin.logentry", "pk": 145, "fields": {"action_time": "2024-06-09T22:50:26.756Z", "user": 14, "content_type": 13, "object_id": "11", "object_repr": "CartItems object (11)", "action_flag": 3, "change_message": ""}}, {"model": "admin.logentry", "pk": 146, "fields": {"action_time": "2024-06-09T22:50:26.758Z", "user": 14, "content_type": 13, "object_id": "10", "object_repr": "CartItems object (10)", "action_flag": 3, "change_message": ""}}, {"model": "admin.logentry", "pk": 147, "fields": {"action_time": "2024-06-09T22:50:26.760Z", "user": 14, "content_type": 13, "object_id": "9", "object_repr": "CartItems object (9)", "action_flag": 3, "change_message": ""}}, {"model": "admin.logentry", "pk": 148, "fields": {"action_time": "2024-06-09T22:50:26.761Z", "user": 14, "content_type": 13, "object_id": "8", "object_repr": "CartItems object (8)", "action_flag": 3, "change_message": ""}}, {"model": "admin.logentry", "pk": 149, "fields": {"action_time": "2024-06-09T22:50:26.762Z", "user": 14, "content_type": 13, "object_id": "7", "object_repr": "CartItems object (7)", "action_flag": 3, "change_message": ""}}, {"model": "admin.logentry", "pk": 150, "fields": {"action_time": "2024-06-09T22:50:26.763Z", "user": 14, "content_type": 13, "object_id": "6", "object_repr": "CartItems object (6)", "action_flag": 3, "change_message": ""}}, {"model": "admin.logentry", "pk": 151, "fields": {"action_time": "2024-06-09T22:50:26.765Z", "user": 14, "content_type": 13, "object_id": "5", "object_repr": "CartItems object (5)", "action_flag": 3, "change_message": ""}}, {"model": "admin.logentry", "pk": 152, "fields": {"action_time": "2024-06-09T22:50:26.766Z", "user": 14, "content_type": 13, "object_id": "4", "object_repr": "CartItems object (4)", "action_flag": 3, "change_message": ""}}, {"model": "admin.logentry", "pk": 153, "fields": {"action_time": "2024-06-09T22:50:26.768Z", "user": 14, "content_type": 13, "object_id": "3", "object_repr": "CartItems object (3)", "action_flag": 3, "change_message": ""}}, {"model": "admin.logentry", "pk": 154, "fields": {"action_time": "2024-06-09T22:50:26.769Z", "user": 14, "content_type": 13, "object_id": "2", "object_repr": "CartItems object (2)", "action_flag": 3, "change_message": ""}}, {"model": "admin.logentry", "pk": 155, "fields": {"action_time": "2024-06-09T22:50:26.770Z", "user": 14, "content_type": 13, "object_id": "1", "object_repr": "CartItems object (1)", "action_flag": 3, "change_message": ""}}, {"model": "admin.logentry", "pk": 156, "fields": {"action_time": "2024-06-10T19:14:06.003Z", "user": 14, "content_type": 4, "object_id": "20", "object_repr": "Iamaseller", "action_flag": 3, "change_message": ""}}, {"model": "admin.logentry", "pk": 157, "fields": {"action_time": "2024-06-10T19:14:06.006Z", "user": 14, "content_type": 4, "object_id": "22", "object_repr": "Iamasellerbaby", "action_flag": 3, "change_message": ""}}, {"model": "admin.logentry", "pk": 158, "fields": {"action_time": "2024-06-10T19:14:06.008Z", "user": 14, "content_type": 4, "object_id": "19", "object_repr": "Steve", "action_flag": 3, "change_message": ""}}, {"model": "admin.logentry", "pk": 159, "fields": {"action_time": "2024-06-10T19:14:06.009Z", "user": 14, "content_type": 4, "object_id": "21", "object_repr": "iamnotaseller", "action_flag": 3, "change_message": ""}}, {"model": "admin.logentry", "pk": 160, "fields": {"action_time": "2024-06-10T21:29:45.852Z", "user": 14, "content_type": 12, "object_id": "3", "object_repr": "Cart object (3)", "action_flag": 3, "change_message": ""}}, {"model": "admin.logentry", "pk": 161, "fields": {"action_time": "2024-06-10T21:29:45.855Z", "user": 14, "content_type": 12, "object_id": "2", "object_repr": "Cart object (2)", "action_flag": 3, "change_message": ""}}, {"model": "admin.logentry", "pk": 162, "fields": {"action_time": "2024-06-10T21:29:45.856Z", "user": 14, "content_type": 12, "object_id": "1", "object_repr": "Cart object (1)", "action_flag": 3, "change_message": ""}}, {"model": "admin.logentry", "pk": 163, "fields": {"action_time": "2024-06-10T21:32:55.375Z", "user": 14, "content_type": 12, "object_id": "4", "object_repr": "Cart object (4)", "action_flag": 3, "change_message": ""}}, {"model": "admin.logentry", "pk": 164, "fields": {"action_time": "2024-06-10T21:33:38.660Z", "user": 14, "content_type": 13, "object_id": "119", "object_repr": "CartItems object (119)", "action_flag": 3, "change_message": ""}}, {"model": "admin.logentry", "pk": 165, "fields": {"action_time": "2024-06-10T23:57:56.049Z", "user": 14, "content_type": 7, "object_id": "9", "object_repr": "Test", "action_flag": 2, "change_message": "[{\"changed\": {\"fields\": [\"Stock\"]}}]"}}, {"model": "admin.logentry", "pk": 166, "fields": {"action_time": "2024-06-10T23:58:00.174Z", "user": 14, "content_type": 7, "object_id": "8", "object_repr": "Apples", "action_flag": 2, "change_message": "[{\"changed\": {\"fields\": [\"Stock\"]}}]"}}, {"model": "admin.logentry", "pk": 167, "fields": {"action_time": "2024-06-10T23:58:05.408Z", "user": 14, "content_type": 7, "object_id": "7", "object_repr": "Nuclear Warheads", "action_flag": 2, "change_message": "[{\"changed\": {\"fields\": [\"Stock\"]}}]"}}, {"model": "admin.logentry", "pk": 168, "fields": {"action_time": "2024-06-10T23:58:09.374Z", "user": 14, "content_type": 7, "object_id": "6", "object_repr": "Patil for sale", "action_flag": 2, "change_message": "[{\"changed\": {\"fields\": [\"Stock\"]}}]"}}, {"model": "admin.logentry", "pk": 169, "fields": {"action_time": "2024-06-11T00:25:33.725Z", "user": 14, "content_type": 7, "object_id": "9", "object_repr": "Capybaras", "action_flag": 2, "change_message": "[{\"changed\": {\"fields\": [\"Title\"]}}]"}}, {"model": "admin.logentry", "pk": 170, "fields": {"action_time": "2024-06-11T01:02:01.141Z", "user": 14, "content_type": 7, "object_id": "10", "object_repr": "Fresh Apples", "action_flag": 2, "change_message": "[{\"changed\": {\"fields\": [\"Description\"]}}]"}}, {"model": "admin.logentry", "pk": 171, "fields": {"action_time": "2024-06-11T01:02:12.607Z", "user": 14, "content_type": 7, "object_id": "9", "object_repr": "Capybaras", "action_flag": 2, "change_message": "[{\"changed\": {\"fields\": [\"Description\"]}}]"}}, {"model": "admin.logentry", "pk": 172, "fields": {"action_time": "2024-06-11T01:02:35.852Z", "user": 14, "content_type": 7, "object_id": "8", "object_repr": "Apples", "action_flag": 2, "change_message": "[{\"changed\": {\"fields\": [\"Description\"]}}]"}}, {"model": "admin.logentry", "pk": 173, "fields": {"action_time": "2024-06-11T01:02:48.003Z", "user": 14, "content_type": 7, "object_id": "7", "object_repr": "Nuclear Warheads", "action_flag": 2, "change_message": "[{\"changed\": {\"fields\": [\"Description\"]}}]"}}, {"model": "admin.logentry", "pk": 174, "fields": {"action_time": "2024-06-11T01:02:57.876Z", "user": 14, "content_type": 7, "object_id": "6", "object_repr": "Patil for sale", "action_flag": 2, "change_message": "[{\"changed\": {\"fields\": [\"Description\"]}}]"}}, {"model": "admin.logentry", "pk": 175, "fields": {"action_time": "2024-06-11T01:38:00.940Z", "user": 14, "content_type": 4, "object_id": "15", "object_repr": "moks", "action_flag": 2, "change_message": "[{\"changed\": {\"fields\": [\"Email address\"]}}]"}}, {"model": "admin.logentry", "pk": 176, "fields": {"action_time": "2024-06-11T01:38:09.149Z", "user": 14, "content_type": 4, "object_id": "18", "object_repr": "thibocat", "action_flag": 2, "change_message": "[{\"changed\": {\"fields\": [\"Email address\"]}}]"}}, {"model": "admin.logentry", "pk": 177, "fields": {"action_time": "2024-06-11T01:38:21.151Z", "user": 14, "content_type": 4, "object_id": "14", "object_repr": "sahil", "action_flag": 2, "change_message": "[{\"changed\": {\"fields\": [\"Email address\"]}}]"}}, {"model": "admin.logentry", "pk": 178, "fields": {"action_time": "2024-06-11T01:42:36.350Z", "user": 14, "content_type": 4, "object_id": "14", "object_repr": "sahil", "action_flag": 2, "change_message": "[{\"changed\": {\"fields\": [\"Email address\"]}}]"}}, {"model": "auth.permission", "pk": 1, "fields": {"name": "Can add log entry", "content_type": 1, "codename": "add_logentry"}}, {"model": "auth.permission", "pk": 2, "fields": {"name": "Can change log entry", "content_type": 1, "codename": "change_logentry"}}, {"model": "auth.permission", "pk": 3, "fields": {"name": "Can delete log entry", "content_type": 1, "codename": "delete_logentry"}}, {"model": "auth.permission", "pk": 4, "fields": {"name": "Can view log entry", "content_type": 1, "codename": "view_logentry"}}, {"model": "auth.permission", "pk": 5, "fields": {"name": "Can add permission", "content_type": 2, "codename": "add_permission"}}, {"model": "auth.permission", "pk": 6, "fields": {"name": "Can change permission", "content_type": 2, "codename": "change_permission"}}, {"model": "auth.permission", "pk": 7, "fields": {"name": "Can delete permission", "content_type": 2, "codename": "delete_permission"}}, {"model": "auth.permission", "pk": 8, "fields": {"name": "Can view permission", "content_type": 2, "codename": "view_permission"}}, {"model": "auth.permission", "pk": 9, "fields": {"name": "Can add group", "content_type": 3, "codename": "add_group"}}, {"model": "auth.permission", "pk": 10, "fields": {"name": "Can change group", "content_type": 3, "codename": "change_group"}}, {"model": "auth.permission", "pk": 11, "fields": {"name": "Can delete group", "content_type": 3, "codename": "delete_group"}}, {"model": "auth.permission", "pk": 12, "fields": {"name": "Can view group", "content_type": 3, "codename": "view_group"}}, {"model": "auth.permission", "pk": 13, "fields": {"name": "Can add user", "content_type": 4, "codename": "add_user"}}, {"model": "auth.permission", "pk": 14, "fields": {"name": "Can change user", "content_type": 4, "codename": "change_user"}}, {"model": "auth.permission", "pk": 15, "fields": {"name": "Can delete user", "content_type": 4, "codename": "delete_user"}}, {"model": "auth.permission", "pk": 16, "fields": {"name": "Can view user", "content_type": 4, "codename": "view_user"}}, {"model": "auth.permission", "pk": 17, "fields": {"name": "Can add content type", "content_type": 5, "codename": "add_contenttype"}}, {"model": "auth.permission", "pk": 18, "fields": {"name": "Can change content type", "content_type": 5, "codename": "change_contenttype"}}, {"model": "auth.permission", "pk": 19, "fields": {"name": "Can delete content type", "content_type": 5, "codename": "delete_contenttype"}}, {"model": "auth.permission", "pk": 20, "fields": {"name": "Can view content type", "content_type": 5, "codename": "view_contenttype"}}, {"model": "auth.permission", "pk": 21, "fields": {"name": "Can add session", "content_type": 6, "codename": "add_session"}}, {"model": "auth.permission", "pk": 22, "fields": {"name": "Can change session", "content_type": 6, "codename": "change_session"}}, {"model": "auth.permission", "pk": 23, "fields": {"name": "Can delete session", "content_type": 6, "codename": "delete_session"}}, {"model": "auth.permission", "pk": 24, "fields": {"name": "Can view session", "content_type": 6, "codename": "view_session"}}, {"model": "auth.permission", "pk": 25, "fields": {"name": "Can add post", "content_type": 7, "codename": "add_post"}}, {"model": "auth.permission", "pk": 26, "fields": {"name": "Can change post", "content_type": 7, "codename": "change_post"}}, {"model": "auth.permission", "pk": 27, "fields": {"name": "Can delete post", "content_type": 7, "codename": "delete_post"}}, {"model": "auth.permission", "pk": 28, "fields": {"name": "Can view post", "content_type": 7, "codename": "view_post"}}, {"model": "auth.permission", "pk": 29, "fields": {"name": "Can add profile", "content_type": 8, "codename": "add_profile"}}, {"model": "auth.permission", "pk": 30, "fields": {"name": "Can change profile", "content_type": 8, "codename": "change_profile"}}, {"model": "auth.permission", "pk": 31, "fields": {"name": "Can delete profile", "content_type": 8, "codename": "delete_profile"}}, {"model": "auth.permission", "pk": 32, "fields": {"name": "Can view profile", "content_type": 8, "codename": "view_profile"}}, {"model": "auth.permission", "pk": 33, "fields": {"name": "Can add upload image", "content_type": 9, "codename": "add_uploadimage"}}, {"model": "auth.permission", "pk": 34, "fields": {"name": "Can change upload image", "content_type": 9, "codename": "change_uploadimage"}}, {"model": "auth.permission", "pk": 35, "fields": {"name": "Can delete upload image", "content_type": 9, "codename": "delete_uploadimage"}}, {"model": "auth.permission", "pk": 36, "fields": {"name": "Can view upload image", "content_type": 9, "codename": "view_uploadimage"}}, {"model": "auth.permission", "pk": 37, "fields": {"name": "Can add user", "content_type": 10, "codename": "add_usertype"}}, {"model": "auth.permission", "pk": 38, "fields": {"name": "Can change user", "content_type": 10, "codename": "change_usertype"}}, {"model": "auth.permission", "pk": 39, "fields": {"name": "Can delete user", "content_type": 10, "codename": "delete_usertype"}}, {"model": "auth.permission", "pk": 40, "fields": {"name": "Can view user", "content_type": 10, "codename": "view_usertype"}}, {"model": "auth.permission", "pk": 41, "fields": {"name": "Can add cart", "content_type": 11, "codename": "add_cart"}}, {"model": "auth.permission", "pk": 42, "fields": {"name": "Can change cart", "content_type": 11, "codename": "change_cart"}}, {"model": "auth.permission", "pk": 43, "fields": {"name": "Can delete cart", "content_type": 11, "codename": "delete_cart"}}, {"model": "auth.permission", "pk": 44, "fields": {"name": "Can view cart", "content_type": 11, "codename": "view_cart"}}, {"model": "auth.permission", "pk": 45, "fields": {"name": "Can add cart", "content_type": 12, "codename": "add_cart"}}, {"model": "auth.permission", "pk": 46, "fields": {"name": "Can change cart", "content_type": 12, "codename": "change_cart"}}, {"model": "auth.permission", "pk": 47, "fields": {"name": "Can delete cart", "content_type": 12, "codename": "delete_cart"}}, {"model": "auth.permission", "pk": 48, "fields": {"name": "Can view cart", "content_type": 12, "codename": "view_cart"}}, {"model": "auth.permission", "pk": 49, "fields": {"name": "Can add cart items", "content_type": 13, "codename": "add_cartitems"}}, {"model": "auth.permission", "pk": 50, "fields": {"name": "Can change cart items", "content_type": 13, "codename": "change_cartitems"}}, {"model": "auth.permission", "pk": 51, "fields": {"name": "Can delete cart items", "content_type": 13, "codename": "delete_cartitems"}}, {"model": "auth.permission", "pk": 52, "fields": {"name": "Can view cart items", "content_type": 13, "codename": "view_cartitems"}}, {"model": "auth.permission", "pk": 53, "fields": {"name": "Can add orders", "content_type": 14, "codename": "add_orders"}}, {"model": "auth.permission", "pk": 54, "fields": {"name": "Can change orders", "content_type": 14, "codename": "change_orders"}}, {"model": "auth.permission", "pk": 55, "fields": {"name": "Can delete orders", "content_type": 14, "codename": "delete_orders"}}, {"model": "auth.permission", "pk": 56, "fields": {"name": "Can view orders", "content_type": 14, "codename": "view_orders"}}, {"model": "auth.user", "pk": 14, "fields": {"password": "pbkdf2_sha256$720000$6XyVj2Al56dQlw2qfzea3K$cWaexXwefKmlQbVMFh5hwlSn1X61+Y7BdrQXnKBYc9s=", "last_login": "2024-06-11T09:50:00.334Z", "is_superuser": true, "username": "sahil", "first_name": "", "last_name": "", "email": "sahil7503@gmail.com", "is_staff": true, "is_active": true, "date_joined": "2024-06-09T11:49:11Z", "groups": [], "user_permissions": []}}, {"model": "auth.user", "pk": 15, "fields": {"password": "pbkdf2_sha256$720000$dr4fwCyISgJVpTnDg1snBY$0KFWSRxEGtSr/f9RPYUV/ZdOUkIG6mL4hXqerwjwKMA=", "last_login": "2024-06-11T09:56:23.364Z", "is_superuser": false, "username": "moks", "first_name": "", "last_name": "", "email": "moks@gmail.com", "is_staff": false, "is_active": true, "date_joined": "2024-06-09T11:50:42Z", "groups": [], "user_permissions": []}}, {"model": "auth.user", "pk": 18, "fields": {"password": "pbkdf2_sha256$720000$bmFDjl7GmxSI3E3PiBUoQG$LXSrUyS1qTcSMc5/GFIiimqHAO09aY9YhkfY6DN/beg=", "last_login": "2024-06-11T03:48:58.853Z", "is_superuser": false, "username": "thibocat", "first_name": "", "last_name": "", "email": "catto@gmail.com", "is_staff": false, "is_active": true, "date_joined": "2024-06-09T13:31:23Z", "groups": [], "user_permissions": []}}, {"model": "contenttypes.contenttype", "pk": 1, "fields": {"app_label": "admin", "model": "logentry"}}, {"model": "contenttypes.contenttype", "pk": 2, "fields": {"app_label": "auth", "model": "permission"}}, {"model": "contenttypes.contenttype", "pk": 3, "fields": {"app_label": "auth", "model": "group"}}, {"model": "contenttypes.contenttype", "pk": 4, "fields": {"app_label": "auth", "model": "user"}}, {"model": "contenttypes.contenttype", "pk": 5, "fields": {"app_label": "contenttypes", "model": "contenttype"}}, {"model": "contenttypes.contenttype", "pk": 6, "fields": {"app_label": "sessions", "model": "session"}}, {"model": "contenttypes.contenttype", "pk": 7, "fields": {"app_label": "blog", "model": "post"}}, {"model": "contenttypes.contenttype", "pk": 8, "fields": {"app_label": "registration", "model": "profile"}}, {"model": "contenttypes.contenttype", "pk": 9, "fields": {"app_label": "blog", "model": "uploadimage"}}, {"model": "contenttypes.contenttype", "pk": 10, "fields": {"app_label": "registration", "model": "usertype"}}, {"model": "contenttypes.contenttype", "pk": 11, "fields": {"app_label": "registration", "model": "cart"}}, {"model": "contenttypes.contenttype", "pk": 12, "fields": {"app_label": "blog", "model": "cart"}}, {"model": "contenttypes.contenttype", "pk": 13, "fields": {"app_label": "blog", "model": "cartitems"}}, {"model": "contenttypes.contenttype", "pk": 14, "fields": {"app_label": "blog", "model": "orders"}}, {"model": "sessions.session", "pk": "afcdrg3rdt5row2iqex1jjj1c3y2xql3", "fields": {"session_data": "e30:1sGIYg:EGHULU5gq2Gj69QRMm9h9RCdDDymRx73MUcia8IOqv0", "expire_date": "2024-06-23T13:26:06.094Z"}}, {"model": "sessions.session", "pk": "nfsbsdlnr2gfg0w17c6hf6vodxiy75wy", "fields": {"session_data": ".eJxVjEEOwiAQRe_C2hCBwoBL956BADMjVUOT0q6Md7dNutDtf-_9t4hpXWpcO81xRHERyorT75hTeVLbCT5Su0-yTG2Zxyx3RR60y9uE9Loe7t9BTb1uNTM5zpqL9qgZk7GW0Q3BFG_AETg_2Jw2hsForYi8AlAOgSGcCbL4fAErojhf:1sGyEp:ixkge0TD_JOdi0SwSAlomuG5vuklqtUhz2k8_oh4UM8", "expire_date": "2024-06-25T09:56:23.367Z"}}, {"model": "sessions.session", "pk": "sm6qpmwyg85u7s08ocgjktv0ndrg6vl0", "fields": {"session_data": ".eJxVjEsOgkAQBe8yazOhGaAdl-45A-np1whqhoTPynh3JWGh21dV7-U62dah2xabuxHu4sidfrck-rC8A9wl3yavU17nMfld8QddfDvBntfD_TsYZBm-NVOIGlH2QHkuEjgkjmxiqlQWJNIokNiUtCISbhh1qBvAUHHU3r0_Aa448Q:1sEi5D:P_6Ei4qzb7U7hsd2Y4tWhJAtvf2O83os3bG7ixeebTA", "expire_date": "2024-06-19T04:17:07.333Z"}}, {"model": "blog.post", "pk": 6, "fields": {"title": "Patil for sale", "price": "999.00", "date": "2024-06-09T11:59:42Z", "author": 14, "image": "images/Screenshot_2024-05-21_at_14.59.31_xI5yeRU.png", "orders": 1, "stock": 0, "description": "Useless friend for sale"}}, {"model": "blog.post", "pk": 7, "fields": {"title": "Nuclear Warheads", "price": "30.00", "date": "2024-06-09T13:34:10Z", "author": 18, "image": "images/Screenshot_2024-06-09_at_19.04.01.png", "orders": 31, "stock": 169, "description": "ETHICALLY made mrrp"}}, {"model": "blog.post", "pk": 8, "fields": {"title": "Apples", "price": "500.00", "date": "2024-06-10T09:27:22Z", "author": 14, "image": "images/Screenshot_2024-06-09_at_01.09.14.png", "orders": 0, "stock": 10, "description": "mrrp I am a very bad seller dont buy from me *meow*"}}, {"model": "blog.post", "pk": 9, "fields": {"title": "Capybaras", "price": "20.00", "date": "2024-06-10T21:15:31Z", "author": 14, "image": "images/Capybara2.png", "orders": 17, "stock": 83, "description": "Sourced from Peru."}}, {"model": "blog.post", "pk": 10, "fields": {"title": "Fresh Apples", "price": "15.00", "date": "2024-06-11T00:53:53Z", "author": 18, "image": "images/Screenshot_2024-06-11_at_06.23.23.png", "orders": 10, "stock": 490, "description": "Very fresh and DELICIOUS apples. No refunds."}}, {"model": "blog.cart", "pk": 6, "fields": {"user": 14, "is_paid": true}}, {"model": "blog.cart", "pk": 7, "fields": {"user": 14, "is_paid": true}}, {"model": "blog.cart", "pk": 8, "fields": {"user": 14, "is_paid": true}}, {"model": "blog.cart", "pk": 9, "fields": {"user": 14, "is_paid": true}}, {"model": "blog.cart", "pk": 10, "fields": {"user": 14, "is_paid": true}}, {"model": "blog.cart", "pk": 11, "fields": {"user": 14, "is_paid": true}}, {"model": "blog.cart", "pk": 12, "fields": {"user": 14, "is_paid": true}}, {"model": "blog.cart", "pk": 13, "fields": {"user": 14, "is_paid": true}}, {"model": "blog.cart", "pk": 14, "fields": {"user": 14, "is_paid": true}}, {"model": "blog.cart", "pk": 15, "fields": {"user": 14, "is_paid": true}}, {"model": "blog.cart", "pk": 16, "fields": {"user": 14, "is_paid": true}}, {"model": "blog.cart", "pk": 17, "fields": {"user": 14, "is_paid": true}}, {"model": "blog.cart", "pk": 19, "fields": {"user": 14, "is_paid": true}}, {"model": "blog.cart", "pk": 20, "fields": {"user": 14, "is_paid": true}}, {"model": "blog.cart", "pk": 21, "fields": {"user": 14, "is_paid": true}}, {"model": "blog.cart", "pk": 22, "fields": {"user": 15, "is_paid": true}}, {"model": "blog.cart", "pk": 23, "fields": {"user": 15, "is_paid": true}}, {"model": "blog.cart", "pk": 24, "fields": {"user": 15, "is_paid": true}}, {"model": "blog.cart", "pk": 25, "fields": {"user": 14, "is_paid": true}}, {"model": "blog.cart", "pk": 26, "fields": {"user": 15, "is_paid": true}}, {"model": "blog.cart", "pk": 27, "fields": {"user": 15, "is_paid": true}}, {"model": "blog.cart", "pk": 28, "fields": {"user": 15, "is_paid": true}}, {"model": "blog.cart", "pk": 29, "fields": {"user": 15, "is_paid": true}}, {"model": "blog.cart", "pk": 30, "fields": {"user": 15, "is_paid": true}}, {"model": "blog.cart", "pk": 31, "fields": {"user": 14, "is_paid": true}}, {"model": "blog.cart", "pk": 32, "fields": {"user": 14, "is_paid": true}}, {"model": "blog.cart", "pk": 33, "fields": {"user": 14, "is_paid": true}}, {"model": "blog.cart", "pk": 35, "fields": {"user": 14, "is_paid": false}}, {"model": "blog.cart", "pk": 36, "fields": {"user": 18, "is_paid": false}}, {"model": "blog.cart", "pk": 37, "fields": {"user": 15, "is_paid": true}}, {"model": "blog.cart", "pk": 38, "fields": {"user": 15, "is_paid": true}}, {"model": "blog.cart", "pk": 40, "fields": {"user": 15, "is_paid": true}}, {"model": "blog.cart", "pk": 41, "fields": {"user": 15, "is_paid": true}}, {"model": "blog.cart", "pk": 42, "fields": {"user": 15, "is_paid": true}}, {"model": "blog.cart", "pk": 43, "fields": {"user": 15, "is_paid": false}}, {"model": "blog.cartitems", "pk": 123, "fields": {"cart": 6, "product": 9, "quantity": 5}}, {"model": "blog.cartitems", "pk": 124, "fields": {"cart": 7, "product": 8, "quantity": 1}}, {"model": "blog.cartitems", "pk": 125, "fields": {"cart": 7, "product": 7, "quantity": 1}}, {"model": "blog.cartitems", "pk": 126, "fields": {"cart": 7, "product": 6, "quantity": 2}}, {"model": "blog.cartitems", "pk": 127, "fields": {"cart": 8, "product": 9, "quantity": 1}}, {"model": "blog.cartitems", "pk": 128, "fields": {"cart": 9, "product": 8, "quantity": 1}}, {"model": "blog.cartitems", "pk": 129, "fields": {"cart": 9, "product": 6, "quantity": 1}}, {"model": "blog.cartitems", "pk": 130, "fields": {"cart": 10, "product": 6, "quantity": 6}}, {"model": "blog.cartitems", "pk": 131, "fields": {"cart": 11, "product": 9, "quantity": 2}}, {"model": "blog.cartitems", "pk": 132, "fields": {"cart": 11, "product": 8, "quantity": 2}}, {"model": "blog.cartitems", "pk": 133, "fields": {"cart": 11, "product": 7, "quantity": 1}}, {"model": "blog.cartitems", "pk": 134, "fields": {"cart": 12, "product": 9, "quantity": 2}}, {"model": "blog.cartitems", "pk": 135, "fields": {"cart": 12, "product": 8, "quantity": 1}}, {"model": "blog.cartitems", "pk": 136, "fields": {"cart": 12, "product": 7, "quantity": 1}}, {"model": "blog.cartitems", "pk": 137, "fields": {"cart": 13, "product": 9, "quantity": 1}}, {"model": "blog.cartitems", "pk": 138, "fields": {"cart": 14, "product": 9, "quantity": 2}}, {"model": "blog.cartitems", "pk": 139, "fields": {"cart": 15, "product": 9, "quantity": 2}}, {"model": "blog.cartitems", "pk": 140, "fields": {"cart": 16, "product": 9, "quantity": 3}}, {"model": "blog.cartitems", "pk": 141, "fields": {"cart": 16, "product": 8, "quantity": 1}}, {"model": "blog.cartitems", "pk": 142, "fields": {"cart": 17, "product": 9, "quantity": 2}}, {"model": "blog.cartitems", "pk": 144, "fields": {"cart": 19, "product": 6, "quantity": 1}}, {"model": "blog.cartitems", "pk": 145, "fields": {"cart": 20, "product": 7, "quantity": 4}}, {"model": "blog.cartitems", "pk": 146, "fields": {"cart": 21, "product": 7, "quantity": 1}}, {"model": "blog.cartitems", "pk": 147, "fields": {"cart": 21, "product": 9, "quantity": 1}}, {"model": "blog.cartitems", "pk": 148, "fields": {"cart": 22, "product": 10, "quantity": 6}}, {"model": "blog.cartitems", "pk": 149, "fields": {"cart": 22, "product": 9, "quantity": 1}}, {"model": "blog.cartitems", "pk": 150, "fields": {"cart": 23, "product": 7, "quantity": 1}}, {"model": "blog.cartitems", "pk": 151, "fields": {"cart": 23, "product": 9, "quantity": 1}}, {"model": "blog.cartitems", "pk": 152, "fields": {"cart": 23, "product": 10, "quantity": 3}}, {"model": "blog.cartitems", "pk": 153, "fields": {"cart": 24, "product": 7, "quantity": 16}}, {"model": "blog.cartitems", "pk": 154, "fields": {"cart": 25, "product": 10, "quantity": 1}}, {"model": "blog.cartitems", "pk": 155, "fields": {"cart": 25, "product": 7, "quantity": 2}}, {"model": "blog.cartitems", "pk": 156, "fields": {"cart": 26, "product": 7, "quantity": 1}}, {"model": "blog.cartitems", "pk": 157, "fields": {"cart": 27, "product": 7, "quantity": 1}}, {"model": "blog.cartitems", "pk": 158, "fields": {"cart": 27, "product": 10, "quantity": 2}}, {"model": "blog.cartitems", "pk": 159, "fields": {"cart": 27, "product": 9, "quantity": 3}}, {"model": "blog.cartitems", "pk": 160, "fields": {"cart": 28, "product": 7, "quantity": 2}}, {"model": "blog.cartitems", "pk": 161, "fields": {"cart": 28, "product": 10, "quantity": 1}}, {"model": "blog.cartitems", "pk": 162, "fields": {"cart": 28, "product": 9, "quantity": 6}}, {"model": "blog.cartitems", "pk": 163, "fields": {"cart": 29, "product": 9, "quantity": 5}}, {"model": "blog.cartitems", "pk": 164, "fields": {"cart": 30, "product": 9, "quantity": 1}}, {"model": "blog.cartitems", "pk": 165, "fields": {"cart": 25, "product": 9, "quantity": 1}}, {"model": "blog.cartitems", "pk": 166, "fields": {"cart": 31, "product": 7, "quantity": 1}}, {"model": "blog.cartitems", "pk": 167, "fields": {"cart": 31, "product": 9, "quantity": 1}}, {"model": "blog.cartitems", "pk": 168, "fields": {"cart": 32, "product": 9, "quantity": 1}}, {"model": "blog.cartitems", "pk": 169, "fields": {"cart": 33, "product": 9, "quantity": 1}}, {"model": "blog.cartitems", "pk": 172, "fields": {"cart": 37, "product": 7, "quantity": 2}}, {"model": "blog.cartitems", "pk": 173, "fields": {"cart": 37, "product": 9, "quantity": 1}}, {"model": "blog.cartitems", "pk": 174, "fields": {"cart": 37, "product": 10, "quantity": 1}}, {"model": "blog.cartitems", "pk": 175, "fields": {"cart": 38, "product": 7, "quantity": 1}}, {"model": "blog.cartitems", "pk": 176, "fields": {"cart": 38, "product": 9, "quantity": 1}}, {"model": "blog.cartitems", "pk": 179, "fields": {"cart": 40, "product": 9, "quantity": 2}}, {"model": "blog.cartitems", "pk": 180, "fields": {"cart": 41, "product": 9, "quantity": 1}}, {"model": "blog.cartitems", "pk": 181, "fields": {"cart": 42, "product": 7, "quantity": 1}}, {"model": "blog.cartitems", "pk": 182, "fields": {"cart": 42, "product": 9, "quantity": 1}}, {"model": "registration.profile", "pk": 1, "fields": {"user": 14, "image": "profile_pics/Screenshot_2024-05-31_at_16.47.08_ql9H0XI.png", "is_seller": true, "cash": "100.00"}}, {"model": "registration.profile", "pk": 2, "fields": {"user": 15, "image": "default.jpg", "is_seller": false, "cash": "9890.00"}}, {"model": "registration.profile", "pk": 3, "fields": {"user": 18, "image": "profile_pics/Screenshot_2024-06-09_at_19.02.00.png", "is_seller": true, "cash": "0.00"}}]